               epoch,      train/box_loss,      train/obj_loss,      train/cls_loss,   metrics/precision,      metrics/recall,     metrics/mAP_0.5,metrics/mAP_0.5:0.95,        val/box_loss,        val/obj_loss,        val/cls_loss,               x/lr0,               x/lr1,               x/lr2
                   0,            0.089211,             0.11663,            0.033368,            0.069441,            0.074756,            0.028639,           0.0063932,             0.07426,             0.12138,            0.029687,           0.0033275,           0.0033275,            0.070053
                   1,             0.07126,            0.092375,            0.024951,            0.073032,              0.3843,            0.056885,            0.014588,            0.076669,            0.086114,            0.012963,           0.0066604,           0.0066604,            0.040052
                   2,            0.072457,            0.065581,            0.012179,             0.23038,             0.45582,             0.28777,            0.083699,            0.075358,            0.086723,           0.0037266,           0.0099919,           0.0099919,             0.01005
                   3,            0.067971,            0.068671,           0.0075594,             0.30276,             0.42918,             0.24185,            0.067283,            0.068328,            0.072329,           0.0038459,            0.009995,            0.009995,            0.009995
                   4,            0.061898,            0.054763,           0.0047426,             0.83398,             0.51701,             0.60181,             0.16578,            0.058033,            0.068729,           0.0024759,            0.009995,            0.009995,            0.009995
                   5,            0.056961,            0.059438,           0.0036424,             0.59185,             0.76733,             0.69044,             0.28666,            0.054983,            0.064264,           0.0020602,           0.0099911,           0.0099911,           0.0099911
                   6,            0.054463,            0.053018,           0.0034225,             0.71949,             0.76622,             0.75554,             0.30474,            0.052306,             0.06252,           0.0015591,           0.0099861,           0.0099861,           0.0099861
                   7,            0.051412,            0.053416,           0.0024898,             0.73924,             0.76378,             0.77523,             0.22159,            0.052141,            0.064837,           0.0015919,             0.00998,             0.00998,             0.00998
                   8,             0.04695,             0.04909,           0.0023944,             0.72332,             0.68277,             0.70989,             0.27442,            0.051386,              0.0642,           0.0015714,           0.0099728,           0.0099728,           0.0099728
                   9,             0.04337,            0.048668,           0.0022885,              0.8862,             0.83436,               0.896,             0.41771,            0.042936,            0.062179,           0.0012355,           0.0099645,           0.0099645,           0.0099645
                  10,            0.042221,            0.049172,           0.0020715,             0.87265,             0.76521,             0.85289,             0.39925,            0.044437,            0.063287,           0.0014463,           0.0099551,           0.0099551,           0.0099551
                  11,            0.039654,            0.047212,             0.00217,             0.76396,               0.872,             0.86911,             0.39495,            0.041802,            0.063718,            0.001262,           0.0099446,           0.0099446,           0.0099446
                  12,            0.038021,            0.046543,           0.0022446,             0.87819,             0.79103,             0.87631,             0.36742,            0.042327,            0.065239,          0.00082668,            0.009933,            0.009933,            0.009933
                  13,            0.040416,            0.047822,           0.0017878,             0.83572,             0.88862,             0.87579,             0.43889,            0.040587,            0.063259,           0.0011707,           0.0099203,           0.0099203,           0.0099203
                  14,            0.037711,            0.046646,           0.0018119,             0.85089,             0.87934,             0.89307,             0.46193,            0.038355,            0.063971,            0.001187,           0.0099065,           0.0099065,           0.0099065
                  15,            0.035005,              0.0443,           0.0015768,             0.87731,             0.87457,             0.90564,             0.50939,            0.037396,            0.062696,           0.0010312,           0.0098916,           0.0098916,           0.0098916
                  16,             0.03743,            0.047077,           0.0016432,               0.876,             0.87615,             0.91237,             0.45923,            0.038782,            0.060333,           0.0015045,           0.0098757,           0.0098757,           0.0098757
                  17,             0.03627,            0.045054,             0.00166,             0.89885,             0.87824,              0.9099,             0.46559,            0.037338,            0.061452,           0.0012419,           0.0098586,           0.0098586,           0.0098586
                  18,            0.034741,            0.045449,           0.0016907,             0.84576,             0.89967,             0.89528,             0.50278,            0.038322,            0.061034,          0.00068126,           0.0098405,           0.0098405,           0.0098405
                  19,            0.035454,            0.044773,            0.001414,             0.88148,             0.90393,             0.91106,             0.51169,            0.037976,            0.060837,          0.00086806,           0.0098213,           0.0098213,           0.0098213
                  20,            0.034594,            0.045256,             0.00166,             0.84884,             0.89295,             0.87983,             0.46479,            0.039644,            0.063111,          0.00096437,           0.0098011,           0.0098011,           0.0098011
                  21,            0.032944,            0.043829,           0.0014943,             0.89126,             0.85559,             0.88936,             0.47462,            0.040391,            0.062834,          0.00097951,           0.0097798,           0.0097798,           0.0097798
                  22,            0.034838,            0.043578,            0.001133,              0.8812,              0.9273,             0.92102,             0.52395,            0.036506,            0.062548,           0.0012111,           0.0097574,           0.0097574,           0.0097574
                  23,             0.03289,            0.044277,           0.0014585,             0.89041,             0.90662,             0.91593,             0.45964,            0.036169,            0.062523,           0.0011966,            0.009734,            0.009734,            0.009734
                  24,            0.032191,             0.04199,           0.0014299,             0.90525,             0.89675,              0.9083,             0.40639,            0.039864,            0.064846,          0.00084392,           0.0097095,           0.0097095,           0.0097095
                  25,            0.033022,            0.042079,           0.0017959,             0.88039,             0.90465,             0.91482,              0.4962,            0.036809,             0.06197,           0.0011066,            0.009684,            0.009684,            0.009684
                  26,            0.032978,            0.044151,           0.0011518,             0.86694,             0.92583,             0.91219,             0.51476,            0.037653,            0.062989,            0.000941,           0.0096575,           0.0096575,           0.0096575
                  27,            0.032235,            0.042417,           0.0011345,             0.90118,             0.93175,             0.91702,             0.49753,            0.035221,            0.060652,             0.00102,           0.0096299,           0.0096299,           0.0096299
                  28,            0.031514,            0.042263,           0.0010072,              0.8695,             0.93282,              0.9029,             0.40512,            0.036765,            0.064108,          0.00086802,           0.0096013,           0.0096013,           0.0096013
                  29,            0.031989,            0.042537,          0.00093027,             0.86881,             0.89052,             0.89161,             0.48992,            0.037902,            0.063123,          0.00085657,           0.0095717,           0.0095717,           0.0095717
                  30,            0.029816,            0.041639,           0.0012664,             0.90728,             0.91487,             0.91503,             0.44734,            0.036962,             0.06544,          0.00072634,           0.0095411,           0.0095411,           0.0095411
                  31,            0.030368,            0.041177,           0.0012206,             0.86269,             0.90534,             0.87777,             0.45919,            0.038759,            0.063692,          0.00074704,           0.0095095,           0.0095095,           0.0095095
                  32,            0.029793,            0.041235,           0.0010905,             0.87865,             0.90965,             0.90712,             0.48685,            0.038218,            0.065026,          0.00073695,           0.0094769,           0.0094769,           0.0094769
                  33,            0.028712,            0.039837,           0.0010988,             0.90021,             0.88198,             0.90237,             0.48835,             0.03823,            0.066731,          0.00069694,           0.0094434,           0.0094434,           0.0094434
                  34,            0.029961,             0.04129,           0.0010332,             0.90648,             0.91639,             0.91767,             0.52967,            0.034282,            0.067117,          0.00080819,           0.0094088,           0.0094088,           0.0094088
                  35,            0.028842,            0.037901,           0.0010336,             0.85861,             0.91024,             0.92164,             0.53069,            0.036061,            0.068099,          0.00079547,           0.0093733,           0.0093733,           0.0093733
                  36,            0.029308,            0.040414,           0.0011344,             0.88531,             0.91979,             0.92113,              0.5412,            0.035649,            0.066109,           0.0009771,           0.0093369,           0.0093369,           0.0093369
                  37,            0.029915,            0.040069,          0.00090241,              0.8882,             0.91189,             0.90128,             0.52346,            0.035794,            0.068349,          0.00096192,           0.0092995,           0.0092995,           0.0092995
                  38,            0.029156,             0.04103,           0.0011733,             0.90867,             0.90046,             0.91087,             0.51379,            0.035366,            0.067213,          0.00094068,           0.0092611,           0.0092611,           0.0092611
                  39,            0.028008,            0.039718,            0.001044,             0.91003,             0.91048,             0.91482,             0.54397,            0.034687,            0.065941,          0.00088165,           0.0092219,           0.0092219,           0.0092219
                  40,            0.028134,            0.040112,            0.001008,             0.88744,             0.92404,             0.90361,             0.55698,            0.035147,            0.066281,          0.00080639,           0.0091817,           0.0091817,           0.0091817
                  41,            0.027859,            0.039081,           0.0013101,              0.8929,              0.9328,             0.92011,              0.5619,            0.035471,            0.064261,          0.00075719,           0.0091406,           0.0091406,           0.0091406
                  42,            0.028007,            0.036957,           0.0012653,             0.91785,             0.90184,             0.91029,             0.55429,            0.035101,            0.066279,          0.00088909,           0.0090986,           0.0090986,           0.0090986
                  43,            0.027425,            0.039117,           0.0010612,             0.85803,             0.89955,             0.89949,             0.54126,             0.03559,            0.070732,          0.00072202,           0.0090557,           0.0090557,           0.0090557
                  44,            0.028116,            0.037894,          0.00084995,             0.89591,             0.90116,             0.91229,             0.51346,            0.035965,            0.071248,          0.00079327,           0.0090119,           0.0090119,           0.0090119
                  45,            0.029136,            0.039439,          0.00089724,               0.897,             0.91757,             0.91959,             0.52341,            0.034356,            0.067046,          0.00085575,           0.0089673,           0.0089673,           0.0089673
                  46,            0.029619,            0.038278,          0.00086691,             0.91658,             0.91642,              0.9202,             0.53136,            0.035204,            0.069452,          0.00091861,           0.0089218,           0.0089218,           0.0089218
                  47,            0.027925,            0.037981,          0.00096706,              0.8696,             0.91475,             0.92184,             0.53073,             0.03426,            0.068734,           0.0010355,           0.0088755,           0.0088755,           0.0088755
                  48,              0.0275,            0.037392,          0.00073944,             0.90675,             0.91656,             0.92204,              0.5572,            0.035677,            0.071456,           0.0008785,           0.0088283,           0.0088283,           0.0088283
                  49,            0.027885,            0.039446,           0.0012338,             0.90546,             0.92237,             0.92254,             0.58271,            0.034766,            0.067141,          0.00097668,           0.0087804,           0.0087804,           0.0087804
                  50,            0.025479,            0.035974,          0.00099407,             0.88726,             0.91522,             0.90568,               0.569,            0.034983,            0.070324,          0.00087755,           0.0087316,           0.0087316,           0.0087316
                  51,            0.026106,            0.035882,          0.00074535,               0.892,             0.92382,             0.91378,             0.49968,            0.036888,            0.068045,          0.00074412,            0.008682,            0.008682,            0.008682
                  52,            0.027185,            0.037027,           0.0010774,             0.88115,             0.91913,             0.89048,             0.52509,            0.036964,            0.071736,          0.00095284,           0.0086316,           0.0086316,           0.0086316
                  53,            0.025693,            0.037464,          0.00074889,              0.8912,             0.93334,              0.9209,             0.54655,            0.035258,            0.070893,          0.00090346,           0.0085805,           0.0085805,           0.0085805
                  54,             0.02651,            0.036795,          0.00093581,             0.90741,             0.91598,             0.92604,             0.54646,            0.033995,            0.067247,          0.00089894,           0.0085286,           0.0085286,           0.0085286
                  55,            0.025091,            0.035548,          0.00084886,             0.90593,             0.92887,             0.92267,             0.54685,            0.034567,            0.067996,          0.00095127,           0.0084759,           0.0084759,           0.0084759
                  56,            0.027312,            0.038569,          0.00082727,             0.90688,             0.94097,             0.92467,              0.5312,             0.03409,             0.06824,          0.00065157,           0.0084225,           0.0084225,           0.0084225
                  57,            0.026775,            0.035385,          0.00070158,             0.89814,             0.93475,             0.92224,              0.5663,            0.034144,            0.070718,           0.0006133,           0.0083684,           0.0083684,           0.0083684
                  58,            0.025055,            0.036118,           0.0008472,             0.90523,             0.91381,             0.92431,             0.57071,            0.034918,            0.072805,          0.00078694,           0.0083136,           0.0083136,           0.0083136
                  59,            0.025884,            0.035066,          0.00074672,             0.91917,             0.93242,              0.9324,             0.55286,            0.034119,            0.072991,          0.00083701,           0.0082581,           0.0082581,           0.0082581
                  60,            0.025574,            0.036565,          0.00075673,             0.91958,             0.92561,              0.9232,             0.55203,             0.03337,            0.070086,           0.0009286,           0.0082019,           0.0082019,           0.0082019
                  61,            0.024935,            0.035342,          0.00078001,              0.9014,             0.93766,             0.91378,             0.55796,            0.034396,             0.06976,          0.00079459,            0.008145,            0.008145,            0.008145
                  62,             0.02518,            0.036039,            0.000733,             0.89186,             0.92299,             0.91023,             0.55783,            0.034536,            0.070205,          0.00069681,           0.0080875,           0.0080875,           0.0080875
                  63,            0.024774,            0.035909,           0.0009211,             0.89742,             0.92065,             0.91021,             0.57064,            0.034664,            0.071177,          0.00073423,           0.0080294,           0.0080294,           0.0080294
                  64,            0.023438,            0.034441,          0.00080852,             0.90354,             0.92821,             0.92979,             0.55497,            0.034297,            0.070575,          0.00087733,           0.0079706,           0.0079706,           0.0079706
                  65,            0.024432,            0.034037,          0.00075098,             0.89805,             0.93684,             0.91027,             0.55061,            0.034915,            0.068777,          0.00087172,           0.0079112,           0.0079112,           0.0079112
                  66,              0.0244,            0.037005,           0.0010061,              0.9102,             0.92752,             0.91976,             0.57864,             0.03431,            0.069037,          0.00076859,           0.0078512,           0.0078512,           0.0078512
                  67,            0.024346,            0.035422,          0.00066618,             0.90049,             0.93595,             0.92783,             0.58832,             0.03407,            0.069441,          0.00072585,           0.0077907,           0.0077907,           0.0077907
                  68,            0.023617,            0.033461,          0.00082051,             0.91947,             0.91777,             0.92324,             0.55713,            0.034381,            0.071274,          0.00081911,           0.0077296,           0.0077296,           0.0077296
                  69,            0.023744,            0.033614,          0.00073639,             0.91147,             0.92786,             0.91876,             0.54777,            0.034905,            0.071307,          0.00073052,           0.0076679,           0.0076679,           0.0076679
                  70,            0.022805,            0.034638,          0.00077106,             0.91117,             0.93467,              0.9135,             0.56181,            0.034468,             0.07457,          0.00079061,           0.0076057,           0.0076057,           0.0076057
                  71,            0.024392,            0.034453,          0.00061194,             0.92736,             0.93311,              0.9267,             0.56075,            0.033928,            0.071575,          0.00076457,            0.007543,            0.007543,            0.007543
                  72,            0.023807,            0.035617,          0.00066786,             0.89907,             0.92852,             0.91123,             0.53187,            0.034732,            0.074675,          0.00073291,           0.0074797,           0.0074797,           0.0074797
                  73,            0.023541,            0.034356,           0.0006911,             0.90774,              0.9266,             0.91099,             0.54399,            0.033746,            0.074511,          0.00070143,            0.007416,            0.007416,            0.007416
                  74,            0.021966,            0.034761,          0.00065566,             0.90974,             0.93457,             0.92068,             0.56701,             0.03435,            0.075383,          0.00078099,           0.0073518,           0.0073518,           0.0073518
                  75,            0.022693,            0.034333,          0.00060052,             0.91679,             0.91328,             0.91025,             0.57812,            0.035021,            0.075348,          0.00071469,           0.0072872,           0.0072872,           0.0072872
                  76,             0.02208,            0.032486,           0.0005593,             0.91203,             0.93029,             0.91563,             0.56939,             0.03446,            0.074345,          0.00074532,           0.0072221,           0.0072221,           0.0072221
                  77,            0.023079,            0.032172,          0.00086428,             0.90002,              0.9143,             0.91191,             0.56606,            0.035577,            0.074648,           0.0010615,           0.0071566,           0.0071566,           0.0071566
                  78,            0.022391,            0.032841,          0.00089566,             0.89256,             0.91281,             0.90194,              0.5817,            0.034949,            0.076732,           0.0011881,           0.0070906,           0.0070906,           0.0070906
                  79,            0.023902,            0.033743,          0.00073045,             0.89461,             0.91474,             0.91316,             0.52259,            0.035566,            0.075122,           0.0010034,           0.0070243,           0.0070243,           0.0070243
                  80,            0.022723,            0.031291,          0.00067766,             0.91218,               0.932,              0.9139,             0.53347,            0.034302,            0.073432,           0.0009581,           0.0069576,           0.0069576,           0.0069576
                  81,            0.021478,            0.032718,          0.00078451,             0.90667,             0.91796,              0.9037,             0.55904,            0.034161,            0.075183,          0.00087216,           0.0068906,           0.0068906,           0.0068906
                  82,            0.020835,            0.033082,          0.00059195,             0.90045,             0.94853,             0.91271,              0.5796,            0.032993,            0.077585,          0.00085207,           0.0068232,           0.0068232,           0.0068232
                  83,            0.021598,            0.031763,          0.00062195,             0.90461,             0.91519,             0.90851,             0.57188,            0.034223,            0.081747,           0.0008271,           0.0067555,           0.0067555,           0.0067555
                  84,            0.021365,            0.032128,          0.00042478,             0.90743,             0.90754,             0.91249,              0.5949,            0.033885,            0.076273,          0.00092466,           0.0066874,           0.0066874,           0.0066874
                  85,            0.019851,            0.030111,          0.00052162,             0.89813,             0.92519,             0.91778,             0.59058,               0.034,            0.076446,          0.00086768,           0.0066191,           0.0066191,           0.0066191
                  86,             0.02068,            0.030982,          0.00056258,             0.89543,             0.93237,             0.91552,             0.57778,            0.033363,            0.078228,          0.00081755,           0.0065505,           0.0065505,           0.0065505
                  87,            0.020653,            0.031923,          0.00045779,             0.91316,              0.9301,             0.91892,             0.57845,            0.033067,            0.076594,          0.00076757,           0.0064816,           0.0064816,           0.0064816
                  88,            0.021858,            0.031467,          0.00048887,             0.90378,              0.9376,              0.9125,             0.58699,            0.035222,            0.075445,          0.00073544,           0.0064125,           0.0064125,           0.0064125
                  89,            0.022246,            0.033816,           0.0005135,             0.92039,             0.94481,             0.92815,             0.60244,             0.03441,            0.074211,           0.0008229,           0.0063432,           0.0063432,           0.0063432
                  90,             0.02062,            0.030497,          0.00070984,             0.92708,             0.92678,             0.92526,             0.59348,            0.033615,             0.07239,          0.00087393,           0.0062737,           0.0062737,           0.0062737
                  91,            0.020582,            0.030818,          0.00052951,             0.93038,             0.92869,             0.93239,             0.60784,            0.032893,            0.071969,          0.00084895,            0.006204,            0.006204,            0.006204
                  92,            0.020016,            0.031141,          0.00052146,             0.89836,             0.94003,             0.92646,             0.59378,            0.033327,            0.074646,          0.00079426,           0.0061341,           0.0061341,           0.0061341
                  93,            0.019881,            0.030907,          0.00054759,             0.91465,             0.93031,             0.92835,             0.60548,            0.033149,            0.073533,          0.00081469,            0.006064,            0.006064,            0.006064
                  94,            0.019684,            0.031157,          0.00045264,             0.91658,             0.92015,             0.92447,              0.5869,            0.033736,            0.073259,          0.00085508,           0.0059938,           0.0059938,           0.0059938
                  95,            0.019213,            0.029338,          0.00041875,              0.8989,             0.93942,             0.92985,             0.59493,            0.033471,            0.074403,          0.00080609,           0.0059235,           0.0059235,           0.0059235
                  96,            0.019705,             0.03031,          0.00036966,             0.90868,             0.94188,             0.91995,             0.59662,            0.034121,            0.076777,           0.0007545,           0.0058531,           0.0058531,           0.0058531
                  97,            0.020272,            0.028099,          0.00043967,             0.91514,             0.94129,             0.91986,             0.56586,            0.033969,             0.07821,          0.00069723,           0.0057826,           0.0057826,           0.0057826
                  98,            0.019599,            0.029065,          0.00044147,             0.90799,              0.9382,             0.91492,             0.56342,            0.034056,            0.078918,          0.00065387,            0.005712,            0.005712,            0.005712
                  99,            0.018786,             0.02798,          0.00042716,             0.90212,             0.93552,             0.91877,             0.59573,            0.033632,            0.078835,          0.00064557,           0.0056413,           0.0056413,           0.0056413
                 100,            0.021173,            0.031414,          0.00045081,             0.91279,             0.93072,             0.92249,             0.57564,            0.033586,            0.079991,          0.00075631,           0.0055707,           0.0055707,           0.0055707
                 101,            0.019219,            0.029583,          0.00057404,             0.91595,             0.93339,             0.91221,             0.59304,            0.033578,            0.079597,          0.00088607,              0.0055,              0.0055,              0.0055
                 102,             0.01914,            0.030977,          0.00055619,             0.91291,             0.94235,             0.90788,             0.58552,            0.033122,            0.083156,          0.00086467,           0.0054293,           0.0054293,           0.0054293
                 103,            0.019298,             0.03091,          0.00059724,             0.90055,             0.92433,              0.8999,             0.56099,            0.033517,            0.082864,          0.00082419,           0.0053587,           0.0053587,           0.0053587
                 104,            0.019442,            0.029432,          0.00033926,             0.89717,             0.91008,              0.9034,             0.58032,            0.033994,             0.08435,          0.00075085,            0.005288,            0.005288,            0.005288
                 105,            0.018313,            0.027957,          0.00046112,              0.9028,             0.92361,             0.90898,             0.60269,            0.034202,            0.086482,           0.0007268,           0.0052174,           0.0052174,           0.0052174
                 106,            0.018179,            0.029497,          0.00041125,             0.89657,             0.92515,             0.89853,             0.57399,            0.034091,            0.084004,          0.00065773,           0.0051469,           0.0051469,           0.0051469
                 107,            0.018046,            0.028872,          0.00032618,             0.90662,             0.91248,             0.90513,             0.58892,            0.034328,            0.084694,          0.00055213,           0.0050765,           0.0050765,           0.0050765
                 108,            0.018692,            0.030039,          0.00036858,             0.90868,             0.92023,             0.91264,             0.59851,            0.033835,            0.083248,          0.00062307,           0.0050062,           0.0050062,           0.0050062
                 109,            0.017959,            0.027758,          0.00035222,             0.89413,             0.92333,             0.90323,             0.61322,            0.033632,            0.085422,          0.00069853,            0.004936,            0.004936,            0.004936
                 110,            0.018445,            0.028546,          0.00047289,              0.9054,             0.91482,             0.90791,              0.5869,            0.034045,            0.081904,          0.00070818,           0.0048659,           0.0048659,           0.0048659
                 111,            0.018012,            0.028054,          0.00036169,             0.91066,             0.91099,             0.90348,             0.58293,            0.034105,            0.084394,          0.00079386,            0.004796,            0.004796,            0.004796
                 112,             0.01794,            0.028422,           0.0003996,             0.91513,             0.91829,             0.91955,             0.60551,            0.033913,             0.08075,          0.00073481,           0.0047263,           0.0047263,           0.0047263
                 113,            0.017674,            0.028835,          0.00037612,             0.91654,             0.91961,             0.91864,             0.58841,            0.033669,            0.080501,          0.00080949,           0.0046568,           0.0046568,           0.0046568
                 114,            0.017377,            0.027088,          0.00050169,             0.92365,             0.91176,             0.90764,             0.58596,            0.033881,            0.084931,          0.00072232,           0.0045875,           0.0045875,           0.0045875
                 115,            0.017922,            0.029928,           0.0003239,             0.90923,             0.92818,             0.91237,             0.58932,            0.033684,            0.083845,          0.00068708,           0.0045184,           0.0045184,           0.0045184
                 116,            0.017507,             0.02794,          0.00038299,             0.91684,             0.92594,             0.91126,             0.57924,            0.033967,            0.083602,           0.0005877,           0.0044495,           0.0044495,           0.0044495
                 117,            0.017689,            0.028766,          0.00043504,             0.89202,             0.93297,             0.90204,               0.573,            0.033745,            0.086522,          0.00057673,           0.0043809,           0.0043809,           0.0043809
                 118,            0.016928,            0.026208,          0.00034156,             0.90645,             0.91936,             0.91242,             0.56953,             0.03314,             0.08636,          0.00058439,           0.0043126,           0.0043126,           0.0043126
                 119,            0.017308,            0.028589,          0.00029531,             0.90502,             0.92145,             0.90816,             0.57321,            0.033503,            0.085869,          0.00059286,           0.0042445,           0.0042445,           0.0042445
                 120,            0.017076,            0.027053,          0.00038349,             0.90538,              0.9232,             0.90333,             0.57077,            0.033869,             0.08323,          0.00055589,           0.0041768,           0.0041768,           0.0041768
                 121,            0.017023,            0.025921,           0.0003391,              0.9128,             0.89942,             0.90272,             0.59316,            0.033495,            0.087022,            0.000538,           0.0041094,           0.0041094,           0.0041094
                 122,            0.016893,            0.027356,          0.00060419,             0.89355,             0.91522,             0.89951,             0.58194,             0.03365,            0.090645,          0.00052478,           0.0040424,           0.0040424,           0.0040424
                 123,            0.016548,            0.027172,          0.00032477,             0.90472,             0.92033,             0.91192,             0.59037,            0.033387,            0.085296,            0.000553,           0.0039757,           0.0039757,           0.0039757
                 124,            0.016384,            0.027015,          0.00027221,             0.90705,             0.92096,             0.91433,             0.60754,            0.033548,            0.085995,          0.00052891,           0.0039094,           0.0039094,           0.0039094
                 125,            0.016825,            0.026182,          0.00031274,             0.90755,             0.92026,             0.91693,             0.58684,            0.033492,            0.084899,          0.00062582,           0.0038434,           0.0038434,           0.0038434
                 126,            0.016172,            0.025911,          0.00032516,             0.89735,             0.92499,             0.90203,             0.56232,            0.033404,            0.088396,          0.00062875,           0.0037779,           0.0037779,           0.0037779
                 127,            0.016078,            0.026223,          0.00032548,               0.905,             0.90958,             0.89961,             0.60368,            0.033725,            0.089523,          0.00067454,           0.0037128,           0.0037128,           0.0037128
                 128,             0.01607,             0.02649,          0.00023256,             0.89963,             0.92249,             0.90419,             0.60035,            0.033486,            0.090598,          0.00056087,           0.0036482,           0.0036482,           0.0036482
                 129,             0.01559,            0.026259,           0.0002535,              0.9075,              0.9152,             0.90924,             0.59796,            0.033739,            0.088875,          0.00049997,            0.003584,            0.003584,            0.003584
                 130,            0.015824,            0.026504,          0.00026564,             0.91132,              0.9142,             0.90733,             0.57839,            0.033949,            0.086911,          0.00053014,           0.0035203,           0.0035203,           0.0035203
                 131,            0.016099,            0.025888,          0.00035441,             0.90334,             0.92228,             0.90892,             0.58621,            0.033622,            0.086027,           0.0004798,            0.003457,            0.003457,            0.003457
                 132,            0.016235,            0.026254,           0.0003694,             0.90158,             0.92657,             0.91053,             0.59146,            0.033485,            0.085107,          0.00050995,           0.0033943,           0.0033943,           0.0033943
                 133,            0.016037,            0.026149,           0.0005969,             0.91868,              0.9142,             0.91776,             0.59432,            0.033674,            0.084295,          0.00046681,           0.0033321,           0.0033321,           0.0033321
                 134,            0.015256,            0.025183,          0.00047397,             0.91505,             0.92592,             0.92022,             0.57952,            0.033643,            0.084961,          0.00049609,           0.0032704,           0.0032704,           0.0032704
                 135,            0.015049,            0.026025,          0.00031189,             0.91321,             0.93002,             0.92174,             0.59737,             0.03349,            0.085505,          0.00043344,           0.0032093,           0.0032093,           0.0032093
                 136,             0.01548,            0.025205,          0.00044687,             0.90259,             0.93331,             0.91446,             0.59986,            0.033598,            0.087066,           0.0004448,           0.0031488,           0.0031488,           0.0031488
                 137,             0.01524,            0.024609,           0.0004283,             0.91294,             0.92822,             0.91719,             0.59956,            0.033605,            0.087501,          0.00047139,           0.0030888,           0.0030888,           0.0030888
                 138,            0.014735,            0.024785,          0.00025215,             0.90081,             0.93844,             0.91754,             0.60281,            0.033893,             0.08753,          0.00048674,           0.0030294,           0.0030294,           0.0030294
                 139,            0.015523,            0.024238,          0.00040065,             0.90255,             0.93348,             0.92143,             0.58788,            0.033914,            0.086389,           0.0004409,           0.0029706,           0.0029706,           0.0029706
                 140,            0.014821,            0.025155,          0.00034336,             0.91165,             0.93623,             0.92844,             0.60823,            0.033707,            0.085521,          0.00041777,           0.0029125,           0.0029125,           0.0029125
                 141,            0.014521,            0.023144,          0.00028007,             0.92099,             0.93251,             0.93338,             0.61607,            0.033712,            0.088774,          0.00041487,            0.002855,            0.002855,            0.002855
                 142,             0.01506,            0.025004,          0.00026566,             0.91403,             0.93456,             0.92285,             0.60278,            0.033468,             0.08979,          0.00037258,           0.0027981,           0.0027981,           0.0027981
                 143,            0.014853,            0.024831,          0.00027566,             0.90259,             0.94094,             0.91801,             0.60339,            0.033575,            0.089507,           0.0003437,           0.0027419,           0.0027419,           0.0027419
                 144,            0.014622,            0.025167,          0.00023989,             0.90172,             0.93437,             0.91474,             0.62168,            0.033249,            0.086813,          0.00034412,           0.0026864,           0.0026864,           0.0026864
                 145,             0.01436,            0.023864,          0.00066901,             0.91485,             0.91812,             0.92101,             0.62373,            0.033439,            0.086518,          0.00038643,           0.0026316,           0.0026316,           0.0026316
                 146,            0.014499,            0.024612,          0.00023377,             0.90923,             0.92519,             0.91671,             0.61185,            0.033509,            0.086456,           0.0003589,           0.0025775,           0.0025775,           0.0025775
                 147,            0.014424,            0.025252,          0.00038045,             0.90499,             0.94051,               0.925,             0.61553,             0.03344,            0.087349,           0.0003818,           0.0025241,           0.0025241,           0.0025241
                 148,            0.014308,            0.024298,          0.00026831,              0.9094,             0.91906,             0.92134,             0.60824,            0.033196,            0.086418,          0.00037402,           0.0024714,           0.0024714,           0.0024714
                 149,            0.014637,            0.024981,          0.00019996,             0.90012,              0.9258,             0.91772,             0.59525,            0.033509,            0.086527,          0.00040467,           0.0024195,           0.0024195,           0.0024195
                 150,            0.014581,            0.024623,          0.00026839,             0.92307,             0.91655,             0.92329,             0.60943,            0.033435,            0.087283,          0.00033996,           0.0023684,           0.0023684,           0.0023684
                 151,            0.014164,            0.022927,          0.00025044,             0.91738,             0.92286,             0.92879,             0.60684,              0.0332,            0.089389,          0.00034627,            0.002318,            0.002318,            0.002318
                 152,            0.014454,            0.024138,          0.00039604,              0.9153,             0.92044,             0.92086,             0.59738,            0.033413,            0.091435,          0.00034967,           0.0022684,           0.0022684,           0.0022684
                 153,            0.014208,            0.024876,          0.00021873,             0.91699,             0.92849,              0.9182,             0.58707,             0.03327,            0.091393,          0.00032331,           0.0022196,           0.0022196,           0.0022196
                 154,              0.0142,            0.023681,          0.00035534,             0.92453,             0.91206,             0.91021,             0.58825,            0.033512,            0.089061,          0.00032324,           0.0021717,           0.0021717,           0.0021717
                 155,            0.013717,            0.023932,            0.000234,             0.92245,             0.91128,             0.91001,             0.58284,             0.03362,            0.089796,          0.00032663,           0.0021245,           0.0021245,           0.0021245
                 156,            0.013797,            0.023285,          0.00023585,             0.92017,             0.90718,             0.91346,             0.59222,            0.033546,            0.089976,          0.00033349,           0.0020782,           0.0020782,           0.0020782
                 157,            0.013963,            0.024077,          0.00023764,             0.92329,             0.91047,             0.91982,             0.60366,            0.033451,            0.088585,          0.00035676,           0.0020327,           0.0020327,           0.0020327
                 158,            0.013716,            0.024063,           0.0002544,             0.92354,             0.91349,             0.92148,             0.61446,            0.033505,            0.088845,           0.0003422,           0.0019881,           0.0019881,           0.0019881
                 159,            0.013449,            0.022853,          0.00014156,             0.91637,             0.91907,             0.92084,             0.60783,            0.033292,            0.088651,          0.00036523,           0.0019443,           0.0019443,           0.0019443
                 160,            0.013783,            0.022687,           0.0001849,             0.91064,             0.92395,             0.92593,             0.59135,             0.03334,             0.09048,          0.00038069,           0.0019014,           0.0019014,           0.0019014
                 161,            0.013079,            0.022275,          0.00022398,             0.91209,             0.92383,             0.91965,             0.60879,            0.033354,            0.091944,            0.000399,           0.0018594,           0.0018594,           0.0018594
                 162,            0.014006,            0.023833,          0.00024336,             0.91039,              0.9292,             0.91813,              0.5912,            0.033511,            0.092877,          0.00036088,           0.0018183,           0.0018183,           0.0018183
                 163,            0.013106,            0.021961,           0.0001773,             0.91745,             0.91955,             0.91899,             0.59706,            0.033485,            0.091887,          0.00038494,           0.0017781,           0.0017781,           0.0017781
                 164,            0.013201,            0.023948,          0.00019566,             0.91643,             0.92436,             0.91899,             0.60626,            0.033387,            0.092279,          0.00036016,           0.0017389,           0.0017389,           0.0017389
                 165,            0.013371,            0.022364,          0.00015617,             0.90376,              0.9294,              0.9168,             0.60426,            0.033292,            0.092963,          0.00034116,           0.0017005,           0.0017005,           0.0017005
                 166,            0.013315,            0.023753,          0.00020314,             0.91569,             0.92965,             0.92328,             0.60017,            0.033371,            0.092041,          0.00036231,           0.0016631,           0.0016631,           0.0016631
                 167,            0.013292,             0.02241,          0.00021363,             0.91477,             0.92191,             0.91535,             0.60998,            0.033592,            0.092459,            0.000399,           0.0016267,           0.0016267,           0.0016267
                 168,            0.013272,            0.023082,          0.00018586,             0.91849,             0.92443,              0.9182,             0.60536,             0.03353,            0.091484,           0.0004263,           0.0015912,           0.0015912,           0.0015912
                 169,            0.013035,            0.023601,          0.00028016,             0.90674,              0.9282,               0.916,             0.61145,            0.033489,            0.091919,          0.00045835,           0.0015566,           0.0015566,           0.0015566
                 170,            0.012623,            0.021663,          0.00019322,             0.91022,             0.92353,             0.91178,             0.58874,            0.033443,            0.094035,          0.00048056,           0.0015231,           0.0015231,           0.0015231
                 171,            0.012731,            0.023506,          0.00022778,              0.9082,             0.91648,              0.9062,             0.59616,            0.033582,            0.094403,          0.00046805,           0.0014905,           0.0014905,           0.0014905
                 172,            0.012848,            0.021906,          0.00022102,             0.90555,             0.91758,             0.91172,             0.61608,            0.033459,            0.095696,          0.00043658,           0.0014589,           0.0014589,           0.0014589
                 173,            0.012803,            0.021546,          0.00017989,             0.90725,             0.91712,             0.91114,             0.62223,            0.033509,            0.095137,          0.00040757,           0.0014283,           0.0014283,           0.0014283
                 174,            0.012783,            0.021476,          0.00023045,             0.91765,             0.91269,             0.91795,             0.62232,            0.033422,            0.095695,          0.00043972,           0.0013987,           0.0013987,           0.0013987
                 175,            0.012784,            0.021802,          0.00018046,             0.90441,             0.92434,             0.91424,             0.61536,            0.033402,             0.09612,          0.00047431,           0.0013701,           0.0013701,           0.0013701
                 176,            0.012986,            0.022207,           0.0002133,             0.90798,             0.92295,             0.91248,             0.62188,            0.033311,            0.095557,          0.00046307,           0.0013425,           0.0013425,           0.0013425
                 177,            0.012953,            0.022076,          0.00017225,             0.90294,             0.93022,             0.91201,             0.61028,            0.033432,             0.09406,          0.00045106,            0.001316,            0.001316,            0.001316
                 178,            0.012797,            0.023019,           0.0001803,             0.91638,             0.91504,             0.91203,             0.61167,            0.033494,            0.092201,          0.00043302,           0.0012905,           0.0012905,           0.0012905
                 179,             0.01256,            0.022424,          0.00018473,             0.92049,             0.91048,             0.91662,             0.60575,            0.033539,            0.093815,          0.00047102,            0.001266,            0.001266,            0.001266
                 180,            0.012612,             0.02336,          0.00041521,             0.91397,             0.91706,             0.91597,             0.60449,            0.033539,            0.094356,           0.0004398,           0.0012426,           0.0012426,           0.0012426
                 181,            0.012462,            0.021057,           0.0001701,             0.90939,             0.91934,             0.91962,             0.60606,            0.033567,            0.094816,          0.00048524,           0.0012202,           0.0012202,           0.0012202
                 182,            0.012119,            0.020804,           0.0002972,             0.91341,             0.92138,             0.92031,             0.62336,            0.033545,            0.094716,          0.00047021,           0.0011989,           0.0011989,           0.0011989
                 183,            0.012243,            0.021691,          0.00019429,             0.90988,             0.92436,             0.91645,             0.60795,            0.033473,             0.09494,          0.00044915,           0.0011787,           0.0011787,           0.0011787
                 184,             0.01263,            0.021851,          0.00016171,              0.9112,             0.91862,             0.91266,             0.62215,            0.033243,            0.093171,          0.00047938,           0.0011595,           0.0011595,           0.0011595
                 185,            0.012263,            0.021949,          0.00023994,             0.91067,              0.9177,             0.91283,             0.62156,            0.033221,            0.094467,          0.00045854,           0.0011414,           0.0011414,           0.0011414
                 186,            0.012548,            0.020302,          0.00020736,             0.90807,             0.91733,             0.90856,             0.60974,            0.033442,            0.095508,           0.0004653,           0.0011243,           0.0011243,           0.0011243
                 187,            0.012273,            0.022112,          0.00018448,             0.92147,              0.9103,             0.91675,             0.62285,            0.033545,            0.096849,          0.00046278,           0.0011084,           0.0011084,           0.0011084
                 188,             0.01216,            0.021117,          0.00016258,             0.90912,             0.92837,             0.92049,             0.60722,             0.03353,            0.097379,          0.00044947,           0.0010935,           0.0010935,           0.0010935
                 189,            0.012324,            0.020811,          0.00014069,             0.91533,             0.92985,              0.9222,             0.60076,            0.033508,            0.096804,          0.00040431,           0.0010797,           0.0010797,           0.0010797
                 190,            0.011998,             0.02258,          0.00042897,             0.91951,             0.92681,             0.91957,             0.61503,            0.033178,            0.095685,          0.00035956,            0.001067,            0.001067,            0.001067
                 191,            0.012596,            0.021946,           0.0001734,             0.91641,             0.92436,             0.91482,              0.6071,            0.033329,              0.0951,           0.0003663,           0.0010554,           0.0010554,           0.0010554
                 192,            0.012305,            0.022304,          0.00033864,              0.9145,             0.92835,             0.91603,             0.60595,            0.033485,            0.094716,          0.00037677,           0.0010449,           0.0010449,           0.0010449
                 193,            0.012104,            0.021342,          0.00012482,             0.91005,             0.93549,             0.91634,             0.60547,            0.033402,            0.095569,          0.00043786,           0.0010355,           0.0010355,           0.0010355
                 194,            0.012062,            0.020831,          0.00025527,              0.9112,             0.93365,             0.91523,             0.61354,             0.03341,            0.095648,          0.00044751,           0.0010272,           0.0010272,           0.0010272
                 195,            0.011871,            0.021339,          0.00012578,             0.92109,             0.91505,             0.91446,             0.61906,            0.033653,            0.097055,          0.00044832,             0.00102,             0.00102,             0.00102
                 196,            0.011845,             0.02172,          0.00023464,             0.91598,             0.92755,             0.91271,             0.59295,            0.033447,             0.09728,          0.00042464,           0.0010139,           0.0010139,           0.0010139
                 197,            0.012199,            0.020377,          0.00013624,             0.91417,             0.91754,             0.91107,             0.59576,            0.033503,            0.096909,          0.00041062,           0.0010089,           0.0010089,           0.0010089
                 198,            0.012219,            0.021096,          0.00014912,             0.91327,              0.9306,             0.92032,             0.61559,            0.033393,             0.09859,          0.00041403,            0.001005,            0.001005,            0.001005
                 199,            0.012032,            0.021741,           0.0002606,             0.91957,             0.92693,             0.92125,             0.62734,            0.033239,            0.096532,          0.00038618,           0.0010022,           0.0010022,           0.0010022
